use tienda;
#PERSONAS
#->empleados
insert into persona values(11111111,'Luciana Marisol','Suarez Torreblanca','Miraflores, Calle Puno 205','F',987654321);
insert into persona values(22222222,'Jose Martin','Miranda Moe','Paucarpata, Baden 101','M',999888777);
insert into persona values(33333333,'Arturo Miguel','Jara Huilca','Cayma, Buenos Aires 202','M',912345678);
insert into persona values(44444444,'Victor','Rojas Radamel','Cayma, La tomilla 100','M',918283745);
insert into persona values(55555555,'Vanessa Estrella','Berru Viru','Characto,La campiña 101','F',911222333);
insert into persona values(66666666,'Karen Lena','Gordillo Viña','Miraflores, Av Progreso 305','F',988997765);
insert into persona values(77777777,'Alexandra Milagros','Tapia Lipe','Paucarpata, Alto Jesus Mz. N lote 22','F',940803727);
insert into persona values(88888888,'Allison Fiorella','Valdivia Cruz','Paucarpata, Calle Nazareth Mz. R lote 35','F',936985344);
insert into persona values(99999999,'Alvaro Johan','Panibra Choctaya','Cayma, La tomilla 3322','M',918283745);
insert into persona values(22335566,'Analuz','Vera Oscco','Cayma, Av. Ramon Castilla 505','F',983387686);
insert into persona values(12123030,'Angela Margarita','Aquise Santos','Paucarpata, Av. Kenedy 202','F',974332202);
insert into persona values(28285656,'Alexander Rusbell','Apaza Torres','Mariano Melgar, calle San Miguel 201','M',921344415);
insert into persona values(33445566,'André Saúl','Mogrovejo Martinez','Jose Luis Bustamante y Rivero, Urb. Puerta Verde 666','M',923825605);
insert into persona values(23451177,'Marks Chistopher','Dextre Aiquipa','Arequipa, La Salle 111','M',925502451);
insert into persona values(29547622,'Frances Guiver','Huamaní Quispe','Cerro Colorado, Semi Rural Pachacutec-Calle Contamana 999','M',941988336);
insert into persona values(70553289,'Jhanira Ariana','Peralta Paredes','Hunter, Av Paisajista 123','F',910982640);
insert into persona values(75789043,'Kelly Franshesca','Pinto Paredes','Yanahuara, Calle Ballon Farfan 475','F',993477189);
insert into persona values(89888786,'Oscar Eugenio','Rosas Arotaype','Alto Selvalegre, Calle Francisco Mostajo 293','M',964747675);
insert into persona values(12311111,'Johanna Mikasa','Alvarado Roque','Yanahuara, Calle Mariategui 12','F',990955131);
insert into persona values(12322222,'Renzo Gilberto','Arana Miler','Yanahuara, Av. Ejército 516','M',976123456);

insert into persona values(88993333,'Karolaine Melany','Quispe Ccohuata','Mariano Melgar, Calle Alto Peru','F',990126999);
insert into persona values(88994444,'Carlo Jose Luis','Corrales Delgado','Mariano Melgar, Calle Santo Domingo','M',989379861);
insert into persona values(88995555,'Diego Jose Luis','Infantes Taboada','Mariano Melgar, Av. El Sol','M',990462914);
insert into persona values(88996666,'Jose Luis','Aguilar Gonzales','Mariano Melgar, Paseo Arequipa 12','M',982682161);
insert into persona values(81097777,'Jose Luis','Aleman Cayra','Alto Selva Alegre, Av. Francisco Mostajo 516','M',970553071);
insert into persona values(81098888,'Jose Luis','Arapa Sabina','Alto Selva Alegre, Calle Jose Galvez 111','M',971967112);
insert into persona values(81099999,'Cielo Yadhira','Urriarte Chavez','Alto Selva Alegre,Calle Ugarte 101','F',981741382);
insert into persona values(81092222,'Lysseth Yadhira','Tapia Atavasre','Alto Selva Alegre,Calle 542','F',994130134);
insert into persona values(73022212,'Nicole Yadhira','Lazarte Hinojosa','Arequipa, Av. Dolores 606','F',991069985);
insert into persona values(73040401,'Maryori Yadhira','Condori Auquilla','Arequipa,Av. Independencia 457','F',972206937);
insert into persona values(73027070,'Edith Yajaida','Surquisilla Bustinza','Arequipa, Calle Leiticia 300','M',993857899);
insert into persona values(73026060,'Yahaida Leondra','Ccolque Chavez','Arequipa, Los Naranjos 400','M',981573920);
insert into persona values(73024040,'Yamileth Yajaida','Huanca Zamata','Cayma, Av. Ramón Castilla 516','M',980000494);
insert into persona values(29544512,'Ada Lucero','Ventura Lima','Cayma, Av. Charcani 516','M',982600757);
insert into persona values(29531190,'Ana Maria Lucero','Ramos Diaz','Cayma, Av. Ejército 516','M',977177392);
insert into persona values(29506043,'Andrea Lucero','Ccoyori Quispe','Cayma, Av. Ejército 516','M',993608641);


#########################################################################################################################################
#gerente
insert into persona values(54311111,'Antonio Tiburcio','Barcena Cjuno','Characato, La Fonda 88','M',918283745);

#propietaria
insert into persona values(54322222,'Nery','Barcena Cjuno','Miraflores, Av. Arequipa 128 ','F',918283745);

#######################################################################################################################################
#->clientes

insert into persona values(12333333,'Roxanada Maria','Pinto Llica','Yanahuara, Calle Milagros 181','F',null);
insert into persona values(12344444,'Juliana Filomena','Contreras Lazo','Paucarpata, Av. Jesus 325','F',null);
insert into persona values(32111111,'Joel','Gonzales Quispe','Paucarpata, Calle Venecia 705','M',null);
insert into persona values(32122222,'Brayan Gino','Adriazola Jimenez','Cayma, Calle Montreal 101','M',985483554);
insert into persona values(32133333,'Yan Pierre','Barra Cuentas','Hunter, Av. Las Peñas','M',994946343);
insert into persona values(32144444,'Alvaro','Mamani Aliaga','Cerro Colorado, Urb. Pachacutec viejo 100','M',990101009);
insert into persona values(43211111,'Jesus','Lazo Quevedo','Yanahuara, Av. Tahuaycani 106','M',993477189);
insert into persona values(43222222,'Diana Laura','Zegarra Acosta','Sachaca, Av. Progreso I','F',930155192);
insert into persona values(43233333,'Yanitza Lilianka','Cueva Galarza','Paucarpata, Campo Marte 67','F',993477189);
insert into persona values(54354311,'Aaron Agustin','Benavides Luque','J. L. Bustamante y Rivero, Calle Colon 120','M',995290478);
insert into persona values(54354312,'Abdut Jordy','Buloti Ueno','J. L. Bustamante y Rivero, Calle Colon 130','M',null);
insert into persona values(54354313,'Abdel Alejandro','Portocarrero Barcha','J. L. Bustamante y Rivero, Calle Colon 140','M',998989890);
insert into persona values(54354314,'Abel Bacilio','Quirre Bustamante','J. L. Bustamante y Rivero, Calle Colon 220','M',998989890);
insert into persona values(54354315,'Abel','Aspur Blanco','J. L. Bustamante y Rivero, Avenida Carcacas 102','M',null);
insert into persona values(54354316,'Adriana Alejandra','Huamani Flores','J. L. Bustamante y Rivero, Avenida Carcacas 222','F',993100989);
insert into persona values(54354317,'Abrahama Renata','Flores Vargas','J. L. Bustamante y Rivero, Avenida Carcacas 300','F',971231131);
insert into persona values(54354318,'Adeleia Elisa','Larico Flores','J. L. Bustamante y Rivero, Avenida Carcacas 444','F',982170608);
insert into persona values(54354319,'Agueda Dynnik','Larico Flores','J. L. Bustamante y Rivero, Avenida Carcacas 506','F',null);
insert into persona values(54354310,'Abigail Rocio','Andrade Mendoza','Socabaya, Pasaje 2','F',979905985);
insert into persona values(54354321,'Allison Vanessa','Palacios Calderon','Socabaya, Calle Iquitos 33','F',987320485);


#clientes frecuentes
insert into persona values(11112222,'Anahi Vansessa','Carrasco Pinto','Cerro Colorado,  Calle la Lozada 123','F',976282150);
insert into persona values(11113333,'Brenda Melany','Cruz Mercado','Cerro Colorado, Calle 6-123','F',996827007);
insert into persona values(11114444,'Jeniffer Melany','Arpazi Rondan','Cerro Colorado, La Castellana 120','F',971494383);

#clientes mayoristas
insert into persona values(11115555,'Jesmith Melany','Quispe Huayta','Cerro Colorado, Alto libertad,Calle Jorge Chavez','F',976646252);
insert into persona values(11116666,'Karin Melany','Lazarnos Mamani','Cerro Colorado, San Felipe, Jorge Chavez 100','F',984092377);
insert into persona values(11117777,'Karol Melany','Chullo Rodriguez','Cerro Colorado,Cerro Viejo Dept. 3','',987614391);

#cliente familiar
insert into persona values(54333333,'Miluska Rocio','Barcena Cjuno','Miraflores, Av. Arequipa 200 ','F',971975686);
insert into persona values(65411111,'Rosser Memo','Caceres Barcena','Miraflores, Av. Arequipa 200 ','F',977556679);
insert into persona values(65422222,'Milagros Miranda','Barcena Sulca','Characato, La Fonda 88 ','F',998638998);
insert into persona values(65433333,'Christian Melvin','Portocarrero Lopez','Cercado, Calle Jerusalen 128','F',970485393);
insert into persona values(75411111,'Abigail Katherine','Sulca Quispe','Characato, La Fonda  88','F',981078527);
####################################################################################################################################################

#EMPRESA
insert into empresa values(20434814953,'E&C Importaciones E.I.R.L','Av. Arequipa Nro. 815-Alto Selva Alegre-Arequipa-Arequipa',626741,'eycimport@gmail.com');
insert into empresa values(11111111111,'Effort','Calle Otero 219 Galeria Plaza Digital, Cercado Arequipa',968892025,null);
insert into empresa values(22222222222,'C.C. La Barraca','Calle San Juan de Dios Nro.563 Puesto-02-Cercado,Arequipa',947253554,null);
insert into empresa values(33333333333,'C.C. Asia Peru E&V','Calle San Juan de Dios Nro. 639-Cercado,Arequipa',null,null);
insert into empresa values(44444444444,'The Phone House','Galeria Plaza Digital E1 y E2-Cercado,Arequipa',951100936,null);
insert into empresa values(10004636487,'Comercial A&M','Calle San Juan de Dios Nro. 639 Int. P-1-Cercado,Arequipa',93500618,null);
insert into empresa values(55555555555,'Importaciones Robert E.I.R.L','Calle San Juand de Dios Nro. 639 Int. P-3-Cercado,Arequipa',942871054,null);

insert into empresa values(10473155511,'Accesorios para celulares by Antonio','Av. Jorge Chavez Nro. 101 A-Arequipa,Aarequipa',951798199,null);

insert into empresa values(20490950151,'Asesora Peru','Calle Federico TOrrico Mz. C Lote 23-Arequipa,Arequipa',273736,'ventas@asesoraperu.com.pe');
insert into empresa values(66666666666,'Santindel','Av. Argentina Nro. 428,Int I 72,73-Las Malvinas-Lima,Lima',2400251,null);
insert into empresa values(10736034510,'KNT-Case','Av. Argentina N. 428-Mesa Redonda,Tienda E76-Limea-Lima',930711463,null);
insert into empresa values(20601875196,'Activa 	Electronic','Av. Argentina Nro.428,Int B4-B5-B6-Mesa Redonda-Lima-Lima',927791715,null);
insert into empresa values(20565240537,'Importadora & Exportadora T&G','Av. Argentina Nro.600,Int 1281-Lima-Lima',4264100,'tygeber@hotmail.com');
insert into empresa values(10415001946,'Diseños Moviles','Av. Argentina Nro.428 Int C77A,Lima-Lima',458912,null);
insert into empresa values(10457752348,'Megacel Cell','Av. Argentina Nro.428 Int B45,Lima-Lima',965192329,null);


#--------------------------------------------------------------------------------------------------------------------------------------#
#PROPIETARIOS
insert into propietario values(54322222,'2005-08-10');
#--------------------------------------------------------------------------------------------------------------------------------------#
#LOCAL DE TRABAJO
insert into local_trabajo values(1,10473155511,'Tienda de Ventas',54311111,'2005-08-10');
insert into local_trabajo values(2,10473155511,'Atencion Al Cliente',54311111,'2005-08-10');
insert into local_trabajo values(3,10473155511,'Distribuidora',54311111,'2005-08-10');
#--------------------------------------------------------------------------------------------------------------------------------------#
insert into distribuidora values(3,100);
insert into atencioncli values(2,150);

#------------------------------------------------------------------------------------------------------------------------------------------#
#EMPLEADOS
#gerente->
insert into empleado values(54311111,20,'Mañana',4000,1);

#atencliente->
insert into empleado values(12322222,01,'Mañana',650,2);
insert into empleado values(12311111,01,'Mañana',650,2);
insert into empleado values(89888786,01,'Tarde',650,2);
insert into empleado values(75789043,01,'Tarde',650,2);
insert into empleado values(70553289,01,'Noche',650,2);
insert into empleado values(29547622,03,'Noche',800,2);
insert into empleado values(23451177,03,'Noche',800,2);
insert into empleado values(33445566,05,'Tarde',1300,2);
insert into empleado values(28285656,05,'Mañana',1300,2);
insert into empleado values(12123030,05,'Mañana',1300,2);

#proveedor
insert into empleado values(22335566,04,'Tarde',1000,3);
insert into empleado values(99999999,06,'Mañana',1200,3);
insert into empleado values(88888888,07,'Tarde',1500,3);
insert into empleado values(77777777,07,'Tarde',1500,3);
insert into empleado values(66666666,8,'Tarde',1600,3);
insert into empleado values(55555555,8,'Tarde',1600,3);
insert into empleado values(44444444,8,'Mañana',1600,3);

#repartidor
insert into empleado values(88993333,3,'Mañana',1200,3);
insert into empleado values(88994444,3,'Mañana',1200,3);
insert into empleado values(29506043,5,'Tarde',1500,3);
insert into empleado values(29531190,5,'Noche',1500,3);

#servtec
insert into empleado values(88995555,10,'Mañana',2500,2);
insert into empleado values(88996666,5,'Tarde',1700,2);
insert into empleado values(29544512,8,'Tarde',2000,2);
insert into empleado values(73024040,2,'Tarde',1200,2);
insert into empleado values(22222222,9,'Noche',1700,2);

#vendedor
insert into empleado values(81097777,13,'Mañana',2800,1);
insert into empleado values(81098888,7,'Mañana',1700,1);
insert into empleado values(73022212,10,'Tarde',1900,1);
insert into empleado values(81092222,1,'Noche',850,1);
insert into empleado values(11111111,9,'Noche',1900,1);
insert into empleado values(33333333,5,'Mañana',1500,1);

#--------------------------------------------------------------------------------------------------------------------------------------#
#GERENTE
insert into empleado_gerente values(54311111);

#EMPLEADOS DE ATENCION AL CLIENTE
insert into empleado_atencliente values(12322222);
insert into empleado_atencliente values(12311111);
insert into empleado_atencliente values(89888786);
insert into empleado_atencliente values(75789043);
insert into empleado_atencliente values(70553289);
insert into empleado_atencliente values(29547622);
insert into empleado_atencliente values(23451177);
insert into empleado_atencliente values(33445566);
insert into empleado_atencliente values(28285656);
insert into empleado_atencliente values(12123030);

#EMPLEADOS DE REPARTICION A DOMICILIO
insert into empleado_repadomi values(88993333,264246477);
insert into empleado_repadomi values(88994444,507670048);
insert into empleado_repadomi values(29506043,500758823);
insert into empleado_repadomi values(29531190,340636420);


#EMPLEADOS DE SERVICIO TECNICO

insert into empleado_servtec values(88995555);
insert into empleado_servtec values(88996666);
insert into empleado_servtec values(29544512);
insert into empleado_servtec values(73024040);
insert into empleado_servtec values(22222222);

#EMPLEADOS DE VENTAS
insert into empleado_vendedor values(81097777);
insert into empleado_vendedor values(81098888);
insert into empleado_vendedor values(73022212);
insert into empleado_vendedor values(81092222);
insert into empleado_vendedor values(11111111);
insert into empleado_vendedor values(33333333);

#EMPLEADOS DE PROVEENCION
insert into empleado_proveedor values(22335566,153542304);
insert into empleado_proveedor values(99999999,532822357);
insert into empleado_proveedor values(88888888,null);
insert into empleado_proveedor values(77777777,null);
insert into empleado_proveedor values(66666666,220709934);
insert into empleado_proveedor values(55555555,null);
insert into empleado_proveedor values(44444444,404639719);
#------------------------------------------------------------------------------------------------------------------------------------------------#
#TIENDA
insert into tienda values('A',1,15,54322222);

#------------------------------------------------------------------------------------------------------------------------------------------------#

#CLIENTES
insert into cliente values(12333333);
insert into cliente values(12344444);
insert into cliente values(32111111);
insert into cliente values(32122222);
insert into cliente values(32133333);
insert into cliente values(32144444);
insert into cliente values(43211111);
insert into cliente values(43222222);
insert into cliente values(43233333);
insert into cliente values(54354311);
insert into cliente values(54354312);
insert into cliente values(54354313);
insert into cliente values(54354314);
insert into cliente values(54354315);
insert into cliente values(54354316);
insert into cliente values(54354317);
insert into cliente values(54354318);
insert into cliente values(54354319);
insert into cliente values(54354310);
insert into cliente values(54354321);
insert into cliente values(11112222);
insert into cliente values(11113333);
insert into cliente values(11114444);
insert into cliente values(11115555);
insert into cliente values(11116666);
insert into cliente values(11117777);
insert into cliente values(54333333);
insert into cliente values(65411111);
insert into cliente values(65422222);
insert into cliente values(65433333);
insert into cliente values(75411111);

#CLIENTES FRECUENTES
insert into cliente_frec values(11112222);
insert into cliente_frec values(11113333);
insert into cliente_frec values(11114444);

#CLIENTES MAYORISTA
insert into cliente_mayo values(11115555);
insert into cliente_mayo values(11116666);
insert into cliente_mayo values(11117777);

#CLIENTE FAMILIAR
insert into cliente_fami values(54333333,54311111);
insert into cliente_fami values(65411111,54311111);
insert into cliente_fami values(65422222,22222222);
insert into cliente_fami values(65433333,33333333);
insert into cliente_fami values(75411111,70553289);

#cliente ocasional
insert into cliente_oca values(12333333);
insert into cliente_oca values(12344444);
insert into cliente_oca values(32111111);
insert into cliente_oca values(32122222);
insert into cliente_oca values(32133333);
insert into cliente_oca values(32144444);
insert into cliente_oca values(43211111);
insert into cliente_oca values(43222222);
insert into cliente_oca values(43233333);
insert into cliente_oca values(54354311);
insert into cliente_oca values(54354312);
insert into cliente_oca values(54354313);
insert into cliente_oca values(54354314);
insert into cliente_oca values(54354315);
insert into cliente_oca values(54354316);
insert into cliente_oca values(54354317);
insert into cliente_oca values(54354318);
insert into cliente_oca values(54354319);
insert into cliente_oca values(54354310);
insert into cliente_oca values(54354321);
#--------------------------------------------------------------------------------------------------------------------------------------#

#TRABAJA EN:
insert into trabaja_en values(54311111,1,'2005-08-10');

insert into trabaja_en values(12322222,2,'2017-02-15');
insert into trabaja_en values(12311111,2,'2017-01-16');
insert into trabaja_en values(89888786,2,'2017-03-10');
insert into trabaja_en values(75789043,2,'2017-02-18');
insert into trabaja_en values(70553289,2,'2017-01-25');
insert into trabaja_en values(29547622,2,'2015-05-17');
insert into trabaja_en values(23451177,2,'2015-03-27');
insert into trabaja_en values(33445566,2,'2015-02-25');
insert into trabaja_en values(28285656,2,'2014-01-20');
insert into trabaja_en values(12123030,2,'2014-06-19');

insert into trabaja_en values(22335566,3,'2014-04-12');
insert into trabaja_en values(99999999,3,'2014-08-23');
insert into trabaja_en values(88888888,3,'2012-11-08');
insert into trabaja_en values(77777777,3,'2012-03-15');
insert into trabaja_en values(66666666,3,'2010-01-22');
insert into trabaja_en values(55555555,3,'2010-05-29');
insert into trabaja_en values(44444444,3,'2010-02-01');

insert into trabaja_en values(88993333,3,'2015-02-10');
insert into trabaja_en values(88994444,3,'2015-03-15');
insert into trabaja_en values(29506043,3,'2013-03-22');
insert into trabaja_en values(29531190,3,'2013-07-26');

insert into trabaja_en values(88995555,2,'2008-05-12');
insert into trabaja_en values(88996666,2,'2013-07-02');
insert into trabaja_en values(29544512,2,'2010-09-25');
insert into trabaja_en values(73024040,2,'2016-02-04');
insert into trabaja_en values(22222222,2,'2009-07-08');

insert into trabaja_en values(81097777,1,'2005-05-15');
insert into trabaja_en values(81098888,1,'2011-01-01');
insert into trabaja_en values(73022212,1,'2008-04-03');
insert into trabaja_en values(81092222,1,'2017-06-06');
insert into trabaja_en values(11111111,1,'2009-12-12');
insert into trabaja_en values(33333333,1,'2013-03-02');
#--------------------------------------------------------------------------------------------------------------------------------------#
#ARTICULOS

insert into articulo(tipo,diseño,precioUni,marca) values('cable USB',null,6.00,'daycell');
insert into articulo(tipo,diseño,precioUni,marca) values('audifono',null,8.00 ,'sony');
insert into articulo(tipo,diseño,precioUni,marca) values('pantalla universal',null,4.00 ,'cn');
insert into articulo(tipo,diseño,precioUni,marca) values('flipcover','metalico',15.50 ,'nero');
insert into articulo(tipo,diseño,precioUni,marca) values('flipcover','color entero',10.00 ,'nero');
insert into articulo(tipo,diseño,precioUni,marca) values('flipcover','agua cromada',20.00 ,'nero');
insert into articulo(tipo,diseño,precioUni,marca) values('flipcover','goma',18.00 ,'nero');
insert into articulo(tipo,diseño,precioUni,marca) values('protector','aro',8.50,'arax');
insert into articulo(tipo,diseño,precioUni,marca) values('flipcover','piel cocodrilo',5.00,'andax');
insert into articulo(tipo,diseño,precioUni,marca) values('protector','transparente',4.00,null);
insert into articulo(tipo,diseño,precioUni,marca) values('protector','vidrio-curvo',6.50,null);

insert into articulo(tipo,diseño,precioUni,marca) values('audifono','handsfree',40.00,'sony');
insert into articulo(tipo,diseño,precioUni,marca) values('memoria USB 8GB','V245W',16.70,'hp');
insert into articulo(tipo,diseño,precioUni,marca) values('memoria USB 8GB','DTSE3',12.50,'kingston');
insert into articulo(tipo,diseño,precioUni,marca) values('memoria microSD 8GB','CZ71',11.60,'sandisk');
insert into articulo(tipo,diseño,precioUni,marca) values('memoria microSD 16GB','C10',25.00,'kingston');
insert into articulo(tipo,diseño,precioUni,marca) values('memoria microSD 32GB','C10',11.60,'kingston');
insert into articulo(tipo,diseño,precioUni,marca) values('memoria USB 32GB ','CWV4',31.80,'kingston');

insert into articulo(tipo,diseño,precioUni,marca) values('holder','generico',8.50,null);
insert into articulo(tipo,diseño,precioUni,marca) values('protector','silicona',9.00,null);
insert into articulo(tipo,diseño,precioUni,marca) values('protector','tapa',12.00,null);
insert into articulo(tipo,diseño,precioUni,marca) values('mica','curvo',5.50,null);
insert into articulo(tipo,diseño,precioUni,marca) values('mica','generica',3.00,'kingston');
insert into articulo(tipo,diseño,precioUni,marca) values('mica','7"',6.00,null);
insert into articulo(tipo,diseño,precioUni,marca) values('mica','tablet',7.00,null);

insert into articulo(tipo,diseño,precioUni,marca) values('mouse USB','micro-retractil',8.50,'IBLUE');
insert into articulo(tipo,diseño,precioUni,marca) values('mouse USB','optical XMK-180',7.50,'IBLUE');
insert into articulo(tipo,diseño,precioUni,marca) values('mouse USB','DX-110-verde',11.50,'genius');
insert into articulo(tipo,diseño,precioUni,marca) values('mouse USB','DX-110-negro',11.50,'genius');
insert into articulo(tipo,diseño,precioUni,marca) values('adpatador-memoria','C',5.00,null);
insert into articulo(tipo,diseño,precioUni,marca) values('memoria microSD 8GB','CZ71',11.60,'sandisk');

#COMPRA

insert into compra values(1,12333333);
insert into compra values(3,12333333);
insert into compra values(5,12333333);
insert into compra values(1,12344444);
insert into compra values(11,12344444);
insert into compra values(5,54354321);
insert into compra values(7,54354321);
insert into compra values(9,32111111);


#VENTA
insert into venta values(1,81097777);
insert into venta values(3,81097777);
insert into venta values(11,81098888);
insert into venta values(5,81098888);
insert into venta values(7,81092222);
insert into venta values(9,33333333);
insert into venta values(1,81092222);

#almacen
insert into almacen values(1,60);
insert into almacen values(2,90);
insert into almacen values(3,80);

#estante
insert into estante values(1,1,30);
insert into estante values(2,2,25);
insert into estante values(3,3,15);
 
 #guarda_en
insert into guarda_en values(1,11);
insert into guarda_en values(1,10);  
insert into guarda_en values(1,9);
insert into guarda_en values(2,4);
insert into guarda_en values(2,6);
insert into guarda_en values(3,8);
insert into guarda_en values(3,2);

#VEHICULO
insert into vehiculo values('VHK-260',6,'hyundai','transporte-ligero');
insert into vehiculo values('SRT-992',7,'volvo','carga-pesado');
insert into vehiculo values('M11-100',2,'yamaha','motorizado');
insert into vehiculo values('VZ1-001',4,'BMW','automovil');

#VEHICULO PARTICULAr
insert into vehiculo_part values('VZ1-001');

#VEHICULO DE DISTRIBUCION
insert into vehiculo_distri values('VHK-260',3);
insert into vehiculo_distri values('SRT-992',3);
insert into vehiculo_distri values('M11-100',3);
#VEHICULO DEL PROVEEDOR

insert into vd_proveedor values('VHK-260',44444444);
insert into vd_proveedor values('SRT-992',99999999);


#VEHICULO DE REPARTIDOR
insert into vd_repartidor values('M11-100',29506043);


#VEHICULO DE distribucion
insert into distribucion values(1,'SRT-992',30,'2018-12-01');

#VEHICULO DE ABASTECIMIENTO
insert into abastecimiento_tienda values(11,66666666,'A',25,'2018-11-09');

#FACTURA

insert into factura(codA,DNIc,DNIv,RUCe,codTienda,precioU,cantidad,fecha) values(1,12333333,81097777,10473155511,'A',40.00,1,'2018-12-06');


